Task,Train Length,Test Length,Token Accuracy,Exact Match Accuracy
copy,128,128,100.0,100.0
copy,128,256,1.269921875,0.0
copy,128,512,1.082421875,0.0
copy,128,1024,1.0119140625,0.0
